model,roc_auc,accuracy,precision,recall,f1
RF,0.8517099534048687,0.85,0.8407643312101911,0.32432432432432434,0.46808510638297873
